`Code point`,`Rank 1`,`Rank 2`,`Unicode name`,`WP43 usage`,`Glyph`,`Replacement`,`Code point`
`U+0020`,1,1,`SPACE`,`Space`,` `,` `,`U+0020`
`U+0021`,488,488,`EXCLAMATION MARK`,`Exclamation mark`,`!`,`!`,`U+0021`
`U+0022`,501,501,`QUOTATION MARK`,`Quotation mark`,,,`U+0022`
`U+0023`,590,590,`NUMBER SIGN`,`Number sign`,`#`,`#`,`U+0023`
`U+0024`,552,553,`DOLLAR SIGN`,`Dollar`,`$`,`%`,`U+0025`
`U+0025`,552,552,`PERCENT SIGN`,`Percent`,`%`,`%`,`U+0025`
`U+0026`,532,532,`AMPERSAND`,`Ampersand`,`&`,`&`,`U+0026`
`U+0027`,496,496,`APOSTROPHE`,`Apostrophe`,`'`,`'`,`U+0027`
`U+0028`,449,449,`LEFT PARENTHESIS`,`Left parenthesis`,`(`,`(`,`U+0028`
`U+0029`,449,450,`RIGHT PARENTHESIS`,`Right parenthesis`,`)`,`(`,`U+0028`
`U+002a`,474,478,`ASTERISK`,`Asterisk`,`*`,`×`,`U+00d7`
`U+002b`,465,465,`PLUS SIGN`,`Plus`,`+`,`+`,`U+002b`
`U+002c`,483,483,`COMMA`,`Comma`,"`,`","`,`",`U+002c`
`U+002d`,469,469,`HYPHEN-MINUS`,`Minus`,`-`,`-`,`U+002d`
`U+002e`,485,485,`FULL STOP`,`Full stop`,`.`,`.`,`U+002e`
`U+002f`,480,480,`SOLIDUS`,`Slash`,`/`,`/`,`U+002f`
`U+0030`,10,10,`DIGIT ZERO`,`Digit 0`,``,``,`U+0030`
`U+0031`,15,15,`DIGIT ONE`,`Digit 1`,`1`,`1`,`U+0031`
`U+0032`,22,22,`DIGIT TWO`,`Digit 2`,`2`,`2`,`U+0032`
`U+0033`,26,26,`DIGIT THREE`,`Digit 3`,`3`,`3`,`U+0033`
`U+0034`,31,31,`DIGIT FOUR`,`Digit 4`,`4`,`4`,`U+0034`
`U+0035`,35,35,`DIGIT FIVE`,`Digit 5`,`5`,`5`,`U+0035`
`U+0036`,39,39,`DIGIT SIX`,`Digit 6`,`6`,`6`,`U+0036`
`U+0037`,43,43,`DIGIT SEVEN`,`Digit 7`,`7`,`7`,`U+0037`
`U+0038`,47,47,`DIGIT EIGHT`,`Digit 8`,`8`,`8`,`U+0038`
`U+0039`,51,51,`DIGIT NINE`,`Digit 9`,`9`,`9`,`U+0039`
`U+003a`,492,492,`COLON`,`Colon`,`:`,`:`,`U+003a`
`U+003b`,495,495,`SEMICOLON`,`Semicolon`,`;`,`;`,`U+003b`
`U+003c`,538,539,`LESS-THAN SIGN`,`Less than`,`<`,`≪`,`U+226a`
`U+003d`,538,543,`EQUALS SIGN`,`Equal`,`=`,`≪`,`U+226a`
`U+003e`,538,550,`GREATER-THAN SIGN`,`Greater than`,`>`,`≪`,`U+226a`
`U+003f`,490,490,`QUESTION MARK`,`Question mark`,`?`,`?`,`U+003f`
`U+0040`,508,508,`COMMERCIAL AT`,`At`,`@`,`@`,`U+0040`
`U+0041`,63,63,`LATIN CAPITAL LETTER A`,`A`,`A`,`A`,`U+0041`
`U+0042`,89,89,`LATIN CAPITAL LETTER B`,`B`,`B`,`B`,`U+0042`
`U+0043`,95,95,`LATIN CAPITAL LETTER C`,`C`,`C`,`C`,`U+0043`
`U+0044`,109,109,`LATIN CAPITAL LETTER D`,`D`,`D`,`D`,`U+0044`
`U+0045`,121,121,`LATIN CAPITAL LETTER E`,`E`,`E`,`E`,`U+0045`
`U+0046`,146,146,`LATIN CAPITAL LETTER F`,`F`,`F`,`F`,`U+0046`
`U+0047`,152,152,`LATIN CAPITAL LETTER G`,`G`,`G`,`G`,`U+0047`
`U+0048`,160,160,`LATIN CAPITAL LETTER H`,`H`,`H`,`H`,`U+0048`
`U+0049`,169,169,`LATIN CAPITAL LETTER I`,`I`,`I`,`I`,`U+0049`
`U+004a`,191,191,`LATIN CAPITAL LETTER J`,`J`,`J`,`J`,`U+004a`
`U+004b`,197,197,`LATIN CAPITAL LETTER K`,`K`,`K`,`K`,`U+004b`
`U+004c`,203,203,`LATIN CAPITAL LETTER L`,`L`,`L`,`L`,`U+004c`
`U+004d`,215,215,`LATIN CAPITAL LETTER M`,`M`,`M`,`M`,`U+004d`
`U+004e`,221,221,`LATIN CAPITAL LETTER N`,`N`,`N`,`N`,`U+004e`
`U+004f`,234,234,`LATIN CAPITAL LETTER O`,`O`,`O`,`O`,`U+004f`
`U+0050`,259,259,`LATIN CAPITAL LETTER P`,`P`,`P`,`P`,`U+0050`
`U+0051`,265,265,`LATIN CAPITAL LETTER Q`,`Q`,`Q`,`Q`,`U+0051`
`U+0052`,272,272,`LATIN CAPITAL LETTER R`,`R`,`R`,`R`,`U+0052`
`U+0053`,283,283,`LATIN CAPITAL LETTER S`,`S`,`S`,`S`,`U+0053`
`U+0054`,296,296,`LATIN CAPITAL LETTER T`,`T`,`T`,`T`,`U+0054`
`U+0055`,307,307,`LATIN CAPITAL LETTER U`,`U`,`U`,`U`,`U+0055`
`U+0056`,331,331,`LATIN CAPITAL LETTER V`,`V`,`V`,`V`,`U+0056`
`U+0057`,337,337,`LATIN CAPITAL LETTER W`,`W`,`W`,`W`,`U+0057`
`U+0058`,345,345,`LATIN CAPITAL LETTER X`,`X`,`X`,`X`,`U+0058`
`U+0059`,355,355,`LATIN CAPITAL LETTER Y`,`Y`,`Y`,`Y`,`U+0059`
`U+005a`,369,369,`LATIN CAPITAL LETTER Z`,`Z`,`Z`,`Z`,`U+005a`
`U+005b`,451,451,`LEFT SQUARE BRACKET`,`Left square bracket`,`[`,`[`,`U+005b`
`U+005c`,480,481,`REVERSE SOLIDUS`,`Back slash`,`\`,`/`,`U+002f`
`U+005d`,451,455,`RIGHT SQUARE BRACKET`,`Right square bracket`,`]`,`[`,`U+005b`
`U+005e`,482,482,`CIRCUMFLEX ACCENT`,`Circumplex accent`,`^`,`^`,`U+005e`
`U+005f`,509,509,`LOW LINE`,`Underscore`,`_`,`_`,`U+005f`
`U+0061`,63,64,`LATIN SMALL LETTER A`,`a`,`a`,`A`,`U+0041`
`U+0062`,89,90,`LATIN SMALL LETTER B`,`b`,`b`,`B`,`U+0042`
`U+0063`,95,96,`LATIN SMALL LETTER C`,`c`,`c`,`C`,`U+0043`
`U+0064`,109,110,`LATIN SMALL LETTER D`,`d`,`d`,`D`,`U+0044`
`U+0065`,121,122,`LATIN SMALL LETTER E`,`e`,`e`,`E`,`U+0045`
`U+0066`,146,147,`LATIN SMALL LETTER F`,`f`,`f`,`F`,`U+0046`
`U+0067`,152,153,`LATIN SMALL LETTER G`,`g`,`g`,`G`,`U+0047`
`U+0068`,160,161,`LATIN SMALL LETTER H`,`h`,`h`,`H`,`U+0048`
`U+0069`,169,170,`LATIN SMALL LETTER I`,`i`,`i`,`I`,`U+0049`
`U+006a`,191,192,`LATIN SMALL LETTER J`,`j`,`j`,`J`,`U+004a`
`U+006b`,197,198,`LATIN SMALL LETTER K`,`k`,`k`,`K`,`U+004b`
`U+006c`,203,204,`LATIN SMALL LETTER L`,`l`,`l`,`L`,`U+004c`
`U+006d`,215,216,`LATIN SMALL LETTER M`,`m`,`m`,`M`,`U+004d`
`U+006e`,221,222,`LATIN SMALL LETTER N`,`n`,`n`,`N`,`U+004e`
`U+006f`,234,235,`LATIN SMALL LETTER O`,`o`,`o`,`O`,`U+004f`
`U+0070`,259,260,`LATIN SMALL LETTER P`,`p`,`p`,`P`,`U+0050`
`U+0071`,265,266,`LATIN SMALL LETTER Q`,`q`,`q`,`Q`,`U+0051`
`U+0072`,272,273,`LATIN SMALL LETTER R`,`r`,`r`,`R`,`U+0052`
`U+0073`,283,284,`LATIN SMALL LETTER S`,`s`,`s`,`S`,`U+0053`
`U+0074`,296,297,`LATIN SMALL LETTER T`,`t`,`t`,`T`,`U+0054`
`U+0075`,307,308,`LATIN SMALL LETTER U`,`u`,`u`,`U`,`U+0055`
`U+0076`,331,332,`LATIN SMALL LETTER V`,`v`,`v`,`V`,`U+0056`
`U+0077`,337,338,`LATIN SMALL LETTER W`,`w`,`w`,`W`,`U+0057`
`U+0078`,345,346,`LATIN SMALL LETTER X`,`x`,`x`,`X`,`U+0058`
`U+0079`,355,356,`LATIN SMALL LETTER Y`,`y`,`y`,`Y`,`U+0059`
`U+007a`,369,370,`LATIN SMALL LETTER Z`,`z`,`z`,`Z`,`U+005a`
`U+007b`,459,459,`LEFT CURLY BRACKET`,`Left curly bracket`,`{`,`{`,`U+007b`
`U+007c`,533,533,`VERTICAL LINE`,`Pipe`,`|`,`|`,`U+007c`
`U+007d`,459,460,`RIGHT CURLY BRACKET`,`Right curly bracket`,`}`,`{`,`U+007b`
`U+007e`,511,511,`TILDE`,`Tilde`,`~`,`~`,`U+007e`
`U+00a1`,488,489,`INVERTED EXCLAMATION MARK`,`Inverted exclamation mark`,`¡`,`!`,`U+0021`
`U+00a2`,552,555,`CENT SIGN`,`Cent`,`¢`,`%`,`U+0025`
`U+00a3`,552,556,`POUND SIGN`,`Pound`,`£`,`%`,`U+0025`
`U+00a5`,552,557,`YEN SIGN`,`Yen`,`¥`,`%`,`U+0025`
`U+00a7`,552,558,`SECTION SIGN`,`Section`,`§`,`%`,`U+0025`
`U+00a9`,234,240,`COPYRIGHT SIGN`,`Overflow Carry`,`©`,`O`,`U+004f`
`U+00ab`,501,506,`LEFT-POINTING DOUBLE ANGLE QUOTATION MARK`,`Left French quotation mark`,`«`,,`U+0022`
`U+00ac`,526,526,`NOT SIGN`,`Not`,`¬`,`¬`,`U+00ac`
`U+00b0`,10,12,`DEGREE SIGN`,`Degree sign`,`°`,``,`U+0030`
`U+00b1`,465,468,`PLUS-MINUS SIGN`,`Plus-minus`,`±`,`+`,`U+002b`
`U+00b5`,413,415,`MICRO SIGN`,`mu`,`µ`,`Μ`,`U+039c`
`U+00b7`,474,475,`MIDDLE DOT`,`Middle dot`,`·`,`×`,`U+00d7`
`U+00bb`,501,507,`RIGHT-POINTING DOUBLE ANGLE QUOTATION MARK`,`Right French quotation mark`,`»`,,`U+0022`
`U+00bc`,15,18,`VULGAR FRACTION ONE QUARTER`,`Fraction 1/4`,`¼`,`1`,`U+0031`
`U+00bd`,15,17,`VULGAR FRACTION ONE HALF`,`Fraction 1/2`,`½`,`1`,`U+0031`
`U+00bf`,490,491,`INVERTED QUESTION MARK`,`Inverted question mark`,`¿`,`?`,`U+003f`
`U+00c0`,63,69,`LATIN CAPITAL LETTER A WITH GRAVE`,`A grave`,`À`,`A`,`U+0041`
`U+00c1`,63,71,`LATIN CAPITAL LETTER A WITH ACUTE`,`A accute`,`Á`,`A`,`U+0041`
`U+00c2`,63,73,`LATIN CAPITAL LETTER A WITH CIRCUMFLEX`,`A circumflex`,`Â`,`A`,`U+0041`
`U+00c3`,63,75,`LATIN CAPITAL LETTER A WITH TILDE`,`A tilde`,`Ã`,`A`,`U+0041`
`U+00c4`,63,77,`LATIN CAPITAL LETTER A WITH DIAERESIS`,`A diaresis`,`Ä`,`A`,`U+0041`
`U+00c5`,63,79,`LATIN CAPITAL LETTER A WITH RING ABOVE`,`A ring`,`Å`,`A`,`U+0041`
`U+00c6`,63,81,`LATIN CAPITAL LETTER AE`,`AE`,`Æ`,`A`,`U+0041`
`U+00c7`,95,101,`LATIN CAPITAL LETTER C WITH CEDILLA`,`C cedilla`,`Ç`,`C`,`U+0043`
`U+00c8`,121,127,`LATIN CAPITAL LETTER E WITH GRAVE`,`E grave`,`È`,`E`,`U+0045`
`U+00c9`,121,129,`LATIN CAPITAL LETTER E WITH ACUTE`,`E accute`,`É`,`E`,`U+0045`
`U+00ca`,121,131,`LATIN CAPITAL LETTER E WITH CIRCUMFLEX`,`E circumflex`,`Ê`,`E`,`U+0045`
`U+00cb`,121,133,`LATIN CAPITAL LETTER E WITH DIAERESIS`,`E diaresis`,`Ë`,`E`,`U+0045`
`U+00cc`,169,175,`LATIN CAPITAL LETTER I WITH GRAVE`,`I grave`,`Ì`,`I`,`U+0049`
`U+00cd`,169,177,`LATIN CAPITAL LETTER I WITH ACUTE`,`I accute`,`Í`,`I`,`U+0049`
`U+00ce`,169,179,`LATIN CAPITAL LETTER I WITH CIRCUMFLEX`,`I circumflex`,`Î`,`I`,`U+0049`
`U+00cf`,169,181,`LATIN CAPITAL LETTER I WITH DIAERESIS`,`I diaresis`,`Ï`,`I`,`U+0049`
`U+00d0`,109,115,`LATIN CAPITAL LETTER ETH`,`ETH`,`Ð`,`D`,`U+0044`
`U+00d1`,221,227,`LATIN CAPITAL LETTER N WITH TILDE`,`N tilde`,`Ñ`,`N`,`U+004E`
`U+00d2`,234,241,`LATIN CAPITAL LETTER O WITH GRAVE`,`O grave`,`Ò`,`O`,`U+004F`
`U+00d3`,234,243,`LATIN CAPITAL LETTER O WITH ACUTE`,`O accute`,`Ó`,`O`,`U+004F`
`U+00d4`,234,245,`LATIN CAPITAL LETTER O WITH CIRCUMFLEX`,`O circumflex`,`Ô`,`O`,`U+004F`
`U+00d5`,234,247,`LATIN CAPITAL LETTER O WITH TILDE`,`O tilde`,`Õ`,`O`,`U+004F`
`U+00d6`,234,249,`LATIN CAPITAL LETTER O WITH DIAERESIS`,`O diaresis`,`Ö`,`O`,`U+004F`
`U+00d7`,474,474,`MULTIPLICATION SIGN`,`Cross`,`×`,`×`,`U+00d7`
`U+00d8`,234,251,`LATIN CAPITAL LETTER O WITH STROKE`,`O stroke`,`Ø`,`O`,`U+004F`
`U+00d9`,307,313,`LATIN CAPITAL LETTER U WITH GRAVE`,`U grave`,`Ù`,`U`,`U+0055`
`U+00da`,307,315,`LATIN CAPITAL LETTER U WITH ACUTE`,`U accute`,`Ú`,`U`,`U+0055`
`U+00db`,307,317,`LATIN CAPITAL LETTER U WITH CIRCUMFLEX`,`U circumflex`,`Û`,`U`,`U+0055`
`U+00dc`,307,319,`LATIN CAPITAL LETTER U WITH DIAERESIS`,`U diaresis`,`Ü`,`U`,`U+0055`
`U+00dd`,355,361,`LATIN CAPITAL LETTER Y WITH ACUTE`,`Y accute`,`Ý`,`Y`,`U+0059`
`U+00df`,283,295,`LATIN SMALL LETTER SHARP S`,`sz`,`ß`,`S`,`U+0053`
`U+00e0`,63,70,`LATIN SMALL LETTER A WITH GRAVE`,`a grave`,`à`,`A`,`U+0041`
`U+00e1`,63,72,`LATIN SMALL LETTER A WITH ACUTE`,`a accute`,`á`,`A`,`U+0041`
`U+00e2`,63,74,`LATIN SMALL LETTER A WITH CIRCUMFLEX`,`a circumflex`,`â`,`A`,`U+0041`
`U+00e3`,63,76,`LATIN SMALL LETTER A WITH TILDE`,`a tilde`,`ã`,`A`,`U+0041`
`U+00e4`,63,78,`LATIN SMALL LETTER A WITH DIAERESIS`,`a diaresis`,`ä`,`A`,`U+0041`
`U+00e5`,63,80,`LATIN SMALL LETTER A WITH RING ABOVE`,`a ring`,`å`,`A`,`U+0041`
`U+00e6`,63,82,`LATIN SMALL LETTER AE`,`ae`,`æ`,`A`,`U+0041`
`U+00e7`,95,102,`LATIN SMALL LETTER C WITH CEDILLA`,`c cedilla`,`ç`,`C`,`U+0043`
`U+00e8`,121,128,`LATIN SMALL LETTER E WITH GRAVE`,`e grave`,`è`,`E`,`U+0045`
`U+00e9`,121,130,`LATIN SMALL LETTER E WITH ACUTE`,`e accute`,`é`,`E`,`U+0045`
`U+00ea`,121,132,`LATIN SMALL LETTER E WITH CIRCUMFLEX`,`e circumflex`,`ê`,`E`,`U+0045`
`U+00eb`,121,134,`LATIN SMALL LETTER E WITH DIAERESIS`,`e diaresis`,`ë`,`E`,`U+0045`
`U+00ec`,169,176,`LATIN SMALL LETTER I WITH GRAVE`,`i grave`,`ì`,`I`,`U+0049`
`U+00ed`,169,178,`LATIN SMALL LETTER I WITH ACUTE`,`i accute`,`í`,`I`,`U+0049`
`U+00ee`,169,180,`LATIN SMALL LETTER I WITH CIRCUMFLEX`,`i circumflex`,`î`,`I`,`U+0049`
`U+00ef`,169,182,`LATIN SMALL LETTER I WITH DIAERESIS`,`i diaresis`,`ï`,`I`,`U+0049`
`U+00f0`,109,116,`LATIN SMALL LETTER ETH`,`eth`,`ð`,`D`,`U+0044`
`U+00f1`,221,228,`LATIN SMALL LETTER N WITH TILDE`,`n tilde`,`ñ`,`N`,`U+004E`
`U+00f2`,234,242,`LATIN SMALL LETTER O WITH GRAVE`,`o grave`,`ò`,`O`,`U+004F`
`U+00f3`,234,244,`LATIN SMALL LETTER O WITH ACUTE`,`o accute`,`ó`,`O`,`U+004F`
`U+00f4`,234,246,`LATIN SMALL LETTER O WITH CIRCUMFLEX`,`o circumflex`,`ô`,`O`,`U+004F`
`U+00f5`,234,248,`LATIN SMALL LETTER O WITH TILDE`,`o tilde`,`õ`,`O`,`U+004F`
`U+00f6`,234,250,`LATIN SMALL LETTER O WITH DIAERESIS`,`o diaresis`,`ö`,`O`,`U+004F`
`U+00f7`,492,494,`DIVISION SIGN`,`Obelus`,`÷`,`:`,`U+003a`
`U+00f8`,234,252,`LATIN SMALL LETTER O WITH STROKE`,`o stroke`,`ø`,`O`,`U+004F`
`U+00f9`,307,314,`LATIN SMALL LETTER U WITH GRAVE`,`u grave`,`ù`,`U`,`U+0055`
`U+00fa`,307,316,`LATIN SMALL LETTER U WITH ACUTE`,`u accute`,`ú`,`U`,`U+0055`
`U+00fb`,307,318,`LATIN SMALL LETTER U WITH CIRCUMFLEX`,`u circumflex`,`û`,`U`,`U+0055`
`U+00fc`,307,320,`LATIN SMALL LETTER U WITH DIAERESIS`,`u diaresis`,`ü`,`U`,`U+0055`
`U+00fd`,355,362,`LATIN SMALL LETTER Y WITH ACUTE`,`y accute`,`ý`,`Y`,`U+0059`
`U+00ff`,355,366,`LATIN SMALL LETTER Y WITH DIAERESIS`,`y diaresis`,`ÿ`,`Y`,`U+0059`
`U+0100`,63,83,`LATIN CAPITAL LETTER A WITH MACRON`,`A macron`,`Ā`,`A`,`U+0041`
`U+0101`,63,84,`LATIN SMALL LETTER A WITH MACRON`,`a macron`,`ā`,`A`,`U+0041`
`U+0102`,63,85,`LATIN CAPITAL LETTER A WITH BREVE`,`A breve`,`Ă`,`A`,`U+0041`
`U+0103`,63,86,`LATIN SMALL LETTER A WITH BREVE`,`a breve`,`ă`,`A`,`U+0041`
`U+0104`,63,87,`LATIN CAPITAL LETTER A WITH OGONEK`,`A ogonek`,`Ą`,`A`,`U+0041`
`U+0105`,63,88,`LATIN SMALL LETTER A WITH OGONEK`,`a ogonek`,`ą`,`A`,`U+0041`
`U+0106`,95,103,`LATIN CAPITAL LETTER C WITH ACUTE`,`C accute`,`Ć`,`C`,`U+0043`
`U+0107`,95,104,`LATIN SMALL LETTER C WITH ACUTE`,`c accute`,`ć`,`C`,`U+0043`
`U+010c`,95,105,`LATIN CAPITAL LETTER C WITH CARON`,`C caron`,`Č`,`C`,`U+0043`
`U+010d`,95,106,`LATIN SMALL LETTER C WITH CARON`,`c caron`,`č`,`C`,`U+0043`
`U+010e`,109,117,`LATIN CAPITAL LETTER D WITH CARON`,`D caron`,`Ď`,`D`,`U+0044`
`U+010f`,109,118,`LATIN SMALL LETTER D WITH CARON`,`d apostrophe`,`ď`,`D`,`U+0044`
`U+0110`,109,119,`LATIN CAPITAL LETTER D WITH STROKE`,`D stroke`,`Đ`,`D`,`U+0044`
`U+0111`,109,120,`LATIN SMALL LETTER D WITH STROKE`,`d stroke`,`đ`,`D`,`U+0044`
`U+0112`,121,135,`LATIN CAPITAL LETTER E WITH MACRON`,`E macron`,`Ē`,`E`,`U+0045`
`U+0113`,121,136,`LATIN SMALL LETTER E WITH MACRON`,`e macron`,`ē`,`E`,`U+0045`
`U+0114`,121,137,`LATIN CAPITAL LETTER E WITH BREVE`,`E breve`,`Ĕ`,`E`,`U+0045`
`U+0115`,121,138,`LATIN SMALL LETTER E WITH BREVE`,`e breve`,`ĕ`,`E`,`U+0045`
`U+0116`,121,139,`LATIN CAPITAL LETTER E WITH DOT ABOVE`,`E dot`,`Ė`,`E`,`U+0045`
`U+0117`,121,140,`LATIN SMALL LETTER E WITH DOT ABOVE`,`e dot`,`ė`,`E`,`U+0045`
`U+0118`,121,141,`LATIN CAPITAL LETTER E WITH OGONEK`,`E ogonek`,`Ę`,`E`,`U+0045`
`U+0119`,121,142,`LATIN SMALL LETTER E WITH OGONEK`,`e ogonek`,`ę`,`E`,`U+0045`
`U+011a`,121,143,`LATIN CAPITAL LETTER E WITH CARON`,`E caron`,`Ě`,`E`,`U+0045`
`U+011b`,121,144,`LATIN SMALL LETTER E WITH CARON`,`e caron`,`ě`,`E`,`U+0045`
`U+011e`,152,158,`LATIN CAPITAL LETTER G WITH BREVE`,`G breve`,`Ğ`,`G`,`U+0047`
`U+011f`,152,159,`LATIN SMALL LETTER G WITH BREVE`,`g breve`,`ğ`,`G`,`U+0047`
`U+0127`,160,167,`LATIN SMALL LETTER H WITH STROKE`,`h stroke`,`ħ`,`H`,`U+0048`
`U+012a`,169,183,`LATIN CAPITAL LETTER I WITH MACRON`,`I macron`,`Ī`,`I`,`U+0049`
`U+012b`,169,184,`LATIN SMALL LETTER I WITH MACRON`,`i macron`,`ī`,`I`,`U+0049`
`U+012c`,169,185,`LATIN CAPITAL LETTER I WITH BREVE`,`I breve`,`Ĭ`,`I`,`U+0049`
`U+012d`,169,186,`LATIN SMALL LETTER I WITH BREVE`,`i breve`,`ĭ`,`I`,`U+0049`
`U+012e`,169,187,`LATIN CAPITAL LETTER I WITH OGONEK`,`I ogonek`,`Į`,`I`,`U+0049`
`U+012f`,169,188,`LATIN SMALL LETTER I WITH OGONEK`,`i ogonek`,`į`,`I`,`U+0049`
`U+0130`,169,189,`LATIN CAPITAL LETTER I WITH DOT ABOVE`,`I dot`,`İ`,`I`,`U+0049`
`U+0131`,169,190,`LATIN SMALL LETTER DOTLESS I`,`i dotless`,`ı`,`I`,`U+0049`
`U+0139`,203,209,`LATIN CAPITAL LETTER L WITH ACUTE`,`L accute`,`Ĺ`,`L`,`U+004C`
`U+013a`,203,210,`LATIN SMALL LETTER L WITH ACUTE`,`l accute`,`ĺ`,`L`,`U+004C`
`U+013d`,203,211,`LATIN CAPITAL LETTER L WITH CARON`,`L apostrophe`,`Ľ`,`L`,`U+004C`
`U+013e`,203,212,`LATIN SMALL LETTER L WITH CARON`,`l apostrophe`,`ľ`,`L`,`U+004C`
`U+0141`,203,213,`LATIN CAPITAL LETTER L WITH STROKE`,`L stroke`,`Ł`,`L`,`U+004C`
`U+0142`,203,214,`LATIN SMALL LETTER L WITH STROKE`,`l stoke`,`ł`,`L`,`U+004C`
`U+0143`,221,229,`LATIN CAPITAL LETTER N WITH ACUTE`,`N accute`,`Ń`,`N`,`U+004E`
`U+0144`,221,230,`LATIN SMALL LETTER N WITH ACUTE`,`n accute`,`ń`,`N`,`U+004E`
`U+0147`,221,231,`LATIN CAPITAL LETTER N WITH CARON`,`N caron`,`Ň`,`N`,`U+004E`
`U+0148`,221,232,`LATIN SMALL LETTER N WITH CARON`,`n caron`,`ň`,`N`,`U+004E`
`U+014c`,234,253,`LATIN CAPITAL LETTER O WITH MACRON`,`O macron`,`Ō`,`O`,`U+004F`
`U+014d`,234,254,`LATIN SMALL LETTER O WITH MACRON`,`o macron`,`ō`,`O`,`U+004F`
`U+014e`,234,255,`LATIN CAPITAL LETTER O WITH BREVE`,`O breve`,`Ŏ`,`O`,`U+004F`
`U+014f`,234,256,`LATIN SMALL LETTER O WITH BREVE`,`o breve`,`ŏ`,`O`,`U+004F`
`U+0152`,234,257,`LATIN CAPITAL LIGATURE OE`,`OE`,`Œ`,`O`,`U+004F`
`U+0153`,234,258,`LATIN SMALL LIGATURE OE`,`oe`,`œ`,`O`,`U+004F`
`U+0154`,272,278,`LATIN CAPITAL LETTER R WITH ACUTE`,`R accute`,`Ŕ`,`R`,`U+0052`
`U+0155`,272,279,`LATIN SMALL LETTER R WITH ACUTE`,`r accute`,`ŕ`,`R`,`U+0052`
`U+0158`,272,280,`LATIN CAPITAL LETTER R WITH CARON`,`R caron`,`Ř`,`R`,`U+0052`
`U+0159`,272,281,`LATIN SMALL LETTER R WITH CARON`,`r caron`,`ř`,`R`,`U+0052`
`U+015a`,283,289,`LATIN CAPITAL LETTER S WITH ACUTE`,`S accute`,`Ś`,`S`,`U+0053`
`U+015b`,283,290,`LATIN SMALL LETTER S WITH ACUTE`,`s accute`,`ś`,`S`,`U+0053`
`U+015e`,283,291,`LATIN CAPITAL LETTER S WITH CEDILLA`,`S cedilla`,`Ş`,`S`,`U+0053`
`U+015f`,283,292,`LATIN SMALL LETTER S WITH CEDILLA`,`s cedilla`,`ş`,`S`,`U+0053`
`U+0160`,283,293,`LATIN CAPITAL LETTER S WITH CARON`,`S caron`,`Š`,`S`,`U+0053`
`U+0161`,283,294,`LATIN SMALL LETTER S WITH CARON`,`s caron`,`š`,`S`,`U+0053`
`U+0162`,296,303,`LATIN CAPITAL LETTER T WITH CEDILLA`,`T cedilla`,`Ţ`,`T`,`U+0054`
`U+0163`,296,304,`LATIN SMALL LETTER T WITH CEDILLA`,`t cedilla`,`ţ`,`T`,`U+0054`
`U+0164`,296,305,`LATIN CAPITAL LETTER T WITH CARON`,`T caron`,`Ť`,`T`,`U+0054`
`U+0165`,296,306,`LATIN SMALL LETTER T WITH CARON`,`t apostrophe`,`ť`,`T`,`U+0054`
`U+0168`,307,321,`LATIN CAPITAL LETTER U WITH TILDE`,`U tilde`,`Ũ`,`U`,`U+0055`
`U+0169`,307,322,`LATIN SMALL LETTER U WITH TILDE`,`u tilde`,`ũ`,`U`,`U+0055`
`U+016a`,307,323,`LATIN CAPITAL LETTER U WITH MACRON`,`U macron`,`Ū`,`U`,`U+0055`
`U+016b`,307,324,`LATIN SMALL LETTER U WITH MACRON`,`u macron`,`ū`,`U`,`U+0055`
`U+016c`,307,325,`LATIN CAPITAL LETTER U WITH BREVE`,`U breve`,`Ŭ`,`U`,`U+0055`
`U+016d`,307,326,`LATIN SMALL LETTER U WITH BREVE`,`u breve`,`ŭ`,`U`,`U+0055`
`U+016e`,307,327,`LATIN CAPITAL LETTER U WITH RING ABOVE`,`U ring`,`Ů`,`U`,`U+0055`
`U+016f`,307,328,`LATIN SMALL LETTER U WITH RING ABOVE`,`u ring`,`ů`,`U`,`U+0055`
`U+0172`,307,329,`LATIN CAPITAL LETTER U WITH OGONEK`,`U ogonek`,`Ų`,`U`,`U+0055`
`U+0173`,307,330,`LATIN SMALL LETTER U WITH OGONEK`,`u ogonek`,`ų`,`U`,`U+0055`
`U+0174`,337,343,`LATIN CAPITAL LETTER W WITH CIRCUMFLEX`,`W circumflex`,`Ŵ`,`W`,`U+0057`
`U+0175`,337,344,`LATIN SMALL LETTER W WITH CIRCUMFLEX`,`w circumflex`,`ŵ`,`W`,`U+0057`
`U+0176`,355,363,`LATIN CAPITAL LETTER Y WITH CIRCUMFLEX`,`Y circumflex`,`Ŷ`,`Y`,`U+0059`
`U+0177`,355,364,`LATIN SMALL LETTER Y WITH CIRCUMFLEX`,`y circumflex`,`ŷ`,`Y`,`U+0059`
`U+0178`,355,365,`LATIN CAPITAL LETTER Y WITH DIAERESIS`,`Y diaresis`,`Ÿ`,`Y`,`U+0059`
`U+0179`,369,375,`LATIN CAPITAL LETTER Z WITH ACUTE`,`Z accute`,`Ź`,`Z`,`U+005a`
`U+017a`,369,376,`LATIN SMALL LETTER Z WITH ACUTE`,`z accute`,`ź`,`Z`,`U+005a`
`U+017b`,369,377,`LATIN CAPITAL LETTER Z WITH DOT ABOVE`,`Z dot`,`Ż`,`Z`,`U+005a`
`U+017c`,369,378,`LATIN SMALL LETTER Z WITH DOT ABOVE`,`z dot`,`ż`,`Z`,`U+005a`
`U+017d`,369,379,`LATIN CAPITAL LETTER Z WITH CARON`,`Zcaron`,`Ž`,`Z`,`U+005a`
`U+017e`,369,380,`LATIN SMALL LETTER Z WITH CARON`,`z caron`,`ž`,`Z`,`U+005a`
`U+0232`,355,368,`LATIN CAPITAL LETTER Y WITH MACRON`,`y under root`,`Ȳ`,`Y`,`U+0059`
`U+0233`,355,367,`LATIN SMALL LETTER Y WITH MACRON`,`y macron`,`ȳ`,`Y`,`U+0059`
`U+0378`,345,352,`not defined by unicode`,`x macron`,`͸`,`X`,`U+0058`
`U+0379`,345,351,`not defined by unicode`,`x circumflex`,`͹`,`X`,`U+0058`
`U+037f`,345,353,`GREEK CAPITAL LETTER YOT `,`x under root`,`Ϳ`,`X`,`U+0058`
`U+0390`,403,408,`GREEK SMALL LETTER IOTA WITH DIALYTIKA AND TONOS`,`iota dialytika tonos`,`ΐ`,`Ι`,`U+0399`
`U+0391`,382,382,`GREEK CAPITAL LETTER ALPHA`,`ALPHA`,`Α`,`Α`,`U+0391`
`U+0392`,386,386,`GREEK CAPITAL LETTER BETA`,`BETA`,`Β`,`Β`,`U+0392`
`U+0393`,388,388,`GREEK CAPITAL LETTER GAMMA`,`GAMMA`,`Γ`,`Γ`,`U+0393`
`U+0394`,390,390,`GREEK CAPITAL LETTER DELTA`,`DELTA`,`Δ`,`Δ`,`U+0394`
`U+0395`,393,393,`GREEK CAPITAL LETTER EPSILON`,`EPSILON`,`Ε`,`Ε`,`U+0395`
`U+0396`,396,396,`GREEK CAPITAL LETTER ZETA`,`ZETA`,`Ζ`,`Ζ`,`U+0396`
`U+0397`,398,398,`GREEK CAPITAL LETTER ETA`,`ETA`,`Η`,`Η`,`U+0397`
`U+0398`,401,401,`GREEK CAPITAL LETTER THETA`,`THETA`,`Θ`,`Θ`,`U+0398`
`U+0399`,403,403,`GREEK CAPITAL LETTER IOTA`,`IOTA`,`Ι`,`Ι`,`U+0399`
`U+039a`,409,409,`GREEK CAPITAL LETTER KAPPA`,`KAPPA`,`Κ`,`Κ`,`U+039a`
`U+039b`,411,411,`GREEK CAPITAL LETTER LAMDA`,`LAMDA`,`Λ`,`Λ`,`U+039b`
`U+039c`,413,413,`GREEK CAPITAL LETTER MU`,`MU`,`Μ`,`Μ`,`U+039c`
`U+039d`,417,417,`GREEK CAPITAL LETTER NU`,`NU`,`Ν`,`Ν`,`U+039d`
`U+039e`,419,419,`GREEK CAPITAL LETTER XI`,`XI`,`Ξ`,`Ξ`,`U+039e`
`U+039f`,421,421,`GREEK CAPITAL LETTER OMICRON`,`OMICRON`,`Ο`,`Ο`,`U+039f`
`U+03a0`,424,424,`GREEK CAPITAL LETTER PI`,`PI`,`Π`,`Π`,`U+03a0`
`U+03a1`,427,427,`GREEK CAPITAL LETTER RHO`,`RHO`,`Ρ`,`Ρ`,`U+03a1`
`U+03a3`,429,429,`GREEK CAPITAL LETTER SIGMA`,`SIGMA`,`Σ`,`Σ`,`U+03a3`
`U+03a4`,432,432,`GREEK CAPITAL LETTER TAU`,`TAU`,`Τ`,`Τ`,`U+03a4`
`U+03a5`,434,434,`GREEK CAPITAL LETTER UPSILON`,`UPSILON`,`Υ`,`Υ`,`U+03a5`
`U+03a6`,440,440,`GREEK CAPITAL LETTER PHI`,`PHI`,`Φ`,`Φ`,`U+03a6`
`U+03a7`,442,442,`GREEK CAPITAL LETTER CHI`,`CHI`,`Χ`,`Χ`,`U+03a7`
`U+03a8`,444,444,`GREEK CAPITAL LETTER PSI`,`PSI`,`Ψ`,`Ψ`,`U+03a8`
`U+03a9`,446,446,`GREEK CAPITAL LETTER OMEGA`,`OMEGA`,`Ω`,`Ω`,`U+03a9`
`U+03aa`,403,406,`GREEK CAPITAL LETTER IOTA WITH DIALYTIKA`,`IOTA dialytika`,`Ϊ`,`Ι`,`U+0399`
`U+03ab`,434,437,`GREEK CAPITAL LETTER UPSILON WITH DIALYTIKA`,`UPSILON dialytika`,`Ϋ`,`Υ`,`U+03a5`
`U+03ac`,382,385,`GREEK SMALL LETTER ALPHA WITH TONOS`,`alpha tonos`,`ά`,`Α`,`U+0391`
`U+03ad`,393,395,`GREEK SMALL LETTER EPSILON WITH TONOS`,`epsilon tonos`,`έ`,`Ε`,`U+0395`
`U+03ae`,398,400,`GREEK SMALL LETTER ETA WITH TONOS`,`eta tonos`,`ή`,`Η`,`U+0397`
`U+03af`,403,405,`GREEK SMALL LETTER IOTA WITH TONOS`,`iota tonos`,`ί`,`Ι`,`U+0399`
`U+03b0`,434,439,`GREEK SMALL LETTER UPSILON WITH DIALYTIKA AND TONOS`,`upsilon dialytika tonos`,`ΰ`,`Υ`,`U+03a5`
`U+03b1`,382,383,`GREEK SMALL LETTER ALPHA`,`alpha`,`α`,`Α`,`U+0391`
`U+03b2`,386,387,`GREEK SMALL LETTER BETA`,`beta`,`β`,`Β`,`U+0392`
`U+03b3`,388,389,`GREEK SMALL LETTER GAMMA`,`gamma`,`γ`,`Γ`,`U+0393`
`U+03b4`,390,391,`GREEK SMALL LETTER DELTA`,`delta`,`δ`,`Δ`,`U+0394`
`U+03b5`,393,394,`GREEK SMALL LETTER EPSILON`,`epsilon`,`ε`,`Ε`,`U+0395`
`U+03b6`,396,397,`GREEK SMALL LETTER ZETA`,`zeta`,`ζ`,`Ζ`,`U+0396`
`U+03b7`,398,399,`GREEK SMALL LETTER ETA`,`eta`,`η`,`Η`,`U+0397`
`U+03b8`,401,402,`GREEK SMALL LETTER THETA`,`theta`,`θ`,`Θ`,`U+0398`
`U+03b9`,403,404,`GREEK SMALL LETTER IOTA`,`iota`,`ι`,`Ι`,`U+0399`
`U+03ba`,409,410,`GREEK SMALL LETTER KAPPA`,`kappa`,`κ`,`Κ`,`U+039a`
`U+03bb`,411,412,`GREEK SMALL LETTER LAMDA`,`lamda`,`λ`,`Λ`,`U+039b`
`U+03bc`,413,414,`GREEK SMALL LETTER MU`,`mu`,`μ`,`Μ`,`U+039c`
`U+03bd`,417,418,`GREEK SMALL LETTER NU`,`nu`,`ν`,`Ν`,`U+039d`
`U+03be`,419,420,`GREEK SMALL LETTER XI`,`xi`,`ξ`,`Ξ`,`U+039e`
`U+03bf`,421,422,`GREEK SMALL LETTER OMICRON`,`omicron`,`ο`,`Ο`,`U+039f`
`U+03c0`,424,426,`GREEK SMALL LETTER PI`,`pi`,`π`,`Π`,`U+03a0`
`U+03c1`,427,428,`GREEK SMALL LETTER RHO`,`rho`,`ρ`,`Ρ`,`U+03a1`
`U+03c2`,429,431,`GREEK SMALL LETTER FINAL SIGMA`,`Final sigma`,`ς`,`Σ`,`U+03a3`
`U+03c3`,429,430,`GREEK SMALL LETTER SIGMA`,`sigma`,`σ`,`Σ`,`U+03a3`
`U+03c4`,432,433,`GREEK SMALL LETTER TAU`,`tau`,`τ`,`Τ`,`U+03a4`
`U+03c5`,434,435,`GREEK SMALL LETTER UPSILON`,`upsilon`,`υ`,`Υ`,`U+03a5`
`U+03c6`,440,441,`GREEK SMALL LETTER PHI`,`phi`,`φ`,`Φ`,`U+03a6`
`U+03c7`,442,443,`GREEK SMALL LETTER CHI`,`chi`,`χ`,`Χ`,`U+03a7`
`U+03c8`,444,445,`GREEK SMALL LETTER PSI`,`psi`,`ψ`,`Ψ`,`U+03a8`
`U+03c9`,446,447,`GREEK SMALL LETTER OMEGA`,`omega`,`ω`,`Ω`,`U+03a9`
`U+03ca`,403,407,`GREEK SMALL LETTER IOTA WITH DIALYTIKA`,`iota dialytika`,`ϊ`,`Ι`,`U+0399`
`U+03cb`,434,438,`GREEK SMALL LETTER UPSILON WITH DIALYTIKA`,`upsilon dialytika`,`ϋ`,`Υ`,`U+03a5`
`U+03cc`,421,423,`GREEK SMALL LETTER OMICRON WITH TONOS`,`omicron tonos`,`ό`,`Ο`,`U+039f`
`U+03cd`,434,436,`GREEK SMALL LETTER UPSILON WITH TONOS`,`upsilon tonos`,`ύ`,`Υ`,`U+03a5`
`U+03ce`,446,448,`GREEK SMALL LETTER OMEGA WITH TONOS`,`omega tonos`,`ώ`,`Ω`,`U+03a9`
`U+2003`,1,2,`EM SPACE`,`EM space`,` `,` `,`U+0020`
`U+2004`,1,3,`THREE-PER-EM SPACE`,`3 per EM space`,` `,` `,`U+0020`
`U+2005`,1,4,`FOUR-PER-EM SPACE`,`4 per EM space`,` `,` `,`U+0020`
`U+2006`,1,5,`SIX-PER-EM SPACE`,`6 per EM space`,` `,` `,`U+0020`
`U+2007`,1,6,`FIGURE SPACE`,`Figure space`,` `,` `,`U+0020`
`U+2008`,1,7,`PUNCTUATION SPACE`,`Punctuation space`,` `,` `,`U+0020`
`U+200a`,1,8,`HAIR SPACE`,`Hair space`,` `,` `,`U+0020`
`U+2018`,496,497,`LEFT SINGLE QUOTATION MARK`,`Left single quatation mark`,`‘`,`'`,`U+0027`
`U+2019`,496,498,`RIGHT SINGLE QUOTATION MARK`,`Right single quatation mark`,`’`,`'`,`U+0027`
`U+201a`,496,499,`SINGLE LOW-9 QUOTATION MARK`,`Single low-9 quotation mark`,`‚`,`'`,`U+0027`
`U+201b`,496,500,`SINGLE HIGH-REVERSED-9 QUOTATION MARK`,`Single high-reversed-9 quotation mark`,`‛`,`'`,`U+0027`
`U+201c`,501,502,`LEFT DOUBLE QUOTATION MARK`,`Left double quatation mark`,`“`,,`U+0022`
`U+201d`,501,503,`RIGHT DOUBLE QUOTATION MARK`,`Right double quatation mark`,`”`,,`U+0022`
`U+201e`,501,504,`DOUBLE LOW-9 QUOTATION MARK`,`Double low-9 quotation mark`,`„`,,`U+0022`
`U+201f`,501,505,`DOUBLE HIGH-REVERSED-9 QUOTATION MARK`,`Double high-reversed-9 quotation mark`,`‟`,,`U+0022`
`U+2026`,485,487,`HORIZONTAL ELLIPSIS`,`Ellipsis`,`…`,`.`,`U+002e`
`U+2027`,15,16,`HYPHENATION POINT `,`Binary 1`,`‧`,`1`,`U+0031`
`U+2072`,469,471,`<reserved> (superscript 2 - 00B2)`,`Superscript -1`,`⁲`,`-`,`U+002d`
`U+2073`,121,145,`<reserved> (superscript 3 - 00B3)`,`Subscript E`,`⁳`,`E`,`U+0045`
`U+2080`,10,14,`SUBSCRIPT ZERO`,`Subscript 0`,`₀`,``,`U+0030`
`U+2081`,15,20,`SUBSCRIPT ONE`,`Subscript 1`,`₁`,`1`,`U+0031`
`U+2082`,22,24,`SUBSCRIPT TWO`,`Subscript 2`,`₂`,`2`,`U+0032`
`U+2083`,26,28,`SUBSCRIPT THREE`,`Subscript 3`,`₃`,`3`,`U+0033`
`U+2084`,31,33,`SUBSCRIPT FOUR`,`Subscript 4`,`₄`,`4`,`U+0034`
`U+2085`,35,37,`SUBSCRIPT FIVE`,`Subscript 5`,`₅`,`5`,`U+0035`
`U+2086`,39,41,`SUBSCRIPT SIX`,`Subscript 6`,`₆`,`6`,`U+0036`
`U+2087`,43,45,`SUBSCRIPT SEVEN`,`Subscript 7`,`₇`,`7`,`U+0037`
`U+2088`,47,49,`SUBSCRIPT EIGHT`,`Subscript 8`,`₈`,`8`,`U+0038`
`U+2089`,51,53,`SUBSCRIPT NINE`,`Subscript 9`,`₉`,`9`,`U+0039`
`U+208a`,465,467,`SUBSCRIPT PLUS SIGN`,`Subscript +`,`₊`,`+`,`U+002b`
`U+208b`,469,472,`SUBSCRIPT MINUS`,`Subscript -`,`₋`,`-`,`U+002d`
`U+208f`,474,479,`not defined by unicode`,`Superscript *`,`₏`,`×`,`U+00d7`
`U+209e`,561,562,`not defined by unicode`,`Superscript infinity`,`₞`,`∞`,`U+221e`
`U+209f`,561,563,`not defined by unicode`,`Subscript infinity`,`₟`,`∞`,`U+221e`
`U+20ac`,552,554,`EURO SIGN`,`Euro`,`€`,`%`,`U+0025`
`U+2100`,591,593,`ACCOUNT OF`,`1 on B`,`℀`,`1`,`U+2100`
`U+2102`,95,107,`DOUBLE-STRUCK CAPITAL C`,`Complex C`,`ℂ`,`C`,`U+0043`
`U+210e`,160,162,`PLANCK CONSTANT`,`Planck`,`ℎ`,`H`,`U+0048`
`U+210f`,160,168,`PLANCK CONSTANT OVER TWO PI`,`Planck / 2pi`,`ℏ`,`H`,`U+0048`
`U+2110`,169,191,`DOUBLE-STRUCK CAPITAL I`,`Irrational I`,`"ℐ"`,`I`,`U+0049`
`U+2115`,221,233,`DOUBLE-STRUCK CAPITAL N`,`Natural N`,`ℕ`,`N`,`U+004e`
`U+211a`,265,271,`DOUBLE-STRUCK CAPITAL Q`,`Rational Q`,`ℚ`,`Q`,`U+0051`
`U+211d`,272,282,`DOUBLE-STRUCK CAPITAL R`,`Real R`,`ℝ`,`R`,`U+0052`
`U+2124`,369,381,`DOUBLE-STRUCK CAPITAL Z`,`Integer Z`,`ℤ`,`Z`,`U+005a`
`U+2160`,10,13,`ROMAN NUMERAL ONE`,`Superscript 0`,`Ⅰ`,``,`U+0030`
`U+2161`,15,19,`ROMAN NUMERAL TWO`,`Superscript 1`,`Ⅱ`,`1`,`U+0031`
`U+2162`,22,23,`ROMAN NUMERAL THREE`,`Superscript 2`,`Ⅲ`,`2`,`U+0032`
`U+2163`,26,27,`ROMAN NUMERAL FOUR`,`Superscript 3`,`Ⅳ`,`3`,`U+0033`
`U+2164`,31,32,`ROMAN NUMERAL FIVE`,`Superscript 4`,`Ⅴ`,`4`,`U+0034`
`U+2165`,35,36,`ROMAN NUMERAL SIX`,`Superscript 5`,`Ⅵ`,`5`,`U+0035`
`U+2166`,39,40,`ROMAN NUMERAL SEVEN`,`Superscript 6`,`Ⅶ`,`6`,`U+0036`
`U+2167`,43,44,`ROMAN NUMERAL EIGHT`,`Superscript 7`,`Ⅷ`,`7`,`U+0037`
`U+2168`,47,48,`ROMAN NUMERAL NINE`,`Superscript 8`,`Ⅸ`,`8`,`U+0038`
`U+2169`,51,52,`ROMAN NUMERAL TEN`,`Superscript 9`,`Ⅹ`,`9`,`U+0039`
`U+216a`,465,466,`SUPERSCRIPT PLUS SIGN`,`Superscript +`,`Ⅺ`,`+`,`U+002b`
`U+216b`,469,470,`SUPERSCRIPT MINUS`,`Superscript -`,`Ⅻ`,`-`,`U+002d`
`U+2190`,514,514,`LEFTWARDS ARROW`,`Left arrow`,`←`,`←`,`U+2190`
`U+2191`,516,516,`UPWARDS ARROW`,`Up arrow`,`↑`,`↑`,`U+2191`
`U+2192`,512,512,`RIGHTWARDS ARROW`,`Right arrow`,`→`,`→`,`U+2192`
`U+2193`,520,520,`DOWNWARDS ARROW`,`Down arrow`,`↓`,`↓`,`U+2193`
`U+2194`,520,520,`LEFT RIGHT ARROW`,`Left right arrow`,`↔`,`↔`,`U+2194`
`U+21E0`,514,514,`LEFTWARDS ARROW`,`Left arrow`,`⇠`,`⇠`,`U+21E0`
`U+21E1`,516,516,`UPWARDS ARROW`,`Up arrow`,`⇡`,`⇡`,`U+21E1`
`U+21E2`,512,512,`RIGHTWARDS ARROW`,`Right arrow`,`⇢`,`⇢`,`U+21E2`
`U+21E3`,515,520,`DOWNWARDS ARROW`,`Down arrow`,`⇣`,`⇣`,`U+21E3`
`U+2195`,520,524,`UP DOWN ARROW`,`Up-down arrof`,`↕`,`↕`,`U+2195`
`U+21c0`,512,513,`RIGHTWARDS HARPOON WITH BARB UPWARDS`,`Short right arrow`,`⇀`,`→`,`U+2192`
`U+21c4`,520,523,`RIGHTWARDS ARROW OVER LEFTWARDS ARROW`,`Left-right arrow`,`⇄`,`⇄`,`U+21c4`
`U+21c9`,516,518,`RIGHTWARDS PAIRED ARROWS `,`BST`,`⇉`,`↑`,`U+2191`
`U+21cb`,520,522,`LEFTWARDS HARPOON OVER RIGHTWARDS HARPOON `,`SST`,`⇋`,`↓`,`U+2193`
`U+21cc`,520,525,`RIGHTWARDS HARPOON OVER LEFTWARDS HARPOON `,`List`,`⇌`,`⇌`,`U+21cc`
`U+21cd`,514,515,`LEFTWARDS DOUBLE ARROW WITH STROKE `,`Undo`,`⇍`,`←`,`U+2190`
`U+21e7`,516,517,`UP_HOLLOW_ARROW`,`Up hollow arrow`,`⇧`,`↑`,`U+2191`
`U+21e9`,520,521,`DOWN_HOLLOW_ARROW`,`Down hollow arrow`,`⇩`,`↓`,`U+2193`
`U+2200`,593,593,`FOR ALL`,`For all`,`∀`,`∀`,`U+2200`
`U+2201`,95,108,`COMPLEMENT`,`Complement`,`∁`,`C`,`U+0043`
`U+2202`,593,594,`PARTIAL DIFFERENTIAL`,`Partial differential`,`∂`,`∀`,`U+2200`
`U+2203`,593,595,`THERE EXISTS`,`There exists`,`∃`,`∀`,`U+2200`
`U+2204`,593,596,`THERE DOES NOT EXIST`,`There does not exists`,`∄`,`∀`,`U+2200`
`U+2205`,593,597,`EMPTY SET`,`Empty set`,`∅`,`∀`,`U+2200`
`U+2206`,593,598,`INCREMENT`,`Increment`,`∆`,`∀`,`U+2200`
`U+2207`,593,599,`NABLA`,`Nabla`,`∇`,`∀`,`U+2200`
`U+2208`,593,600,`ELEMENT OF`,`Element of`,`∈`,`∀`,`U+2200`
`U+2209`,593,601,`NOT AN ELEMENT OF`,`Not an element of`,`∉`,`∀`,`U+2200`
`U+220b`,593,602,`CONTAINS AS MEMBER`,`Contains as member`,`∋`,`∀`,`U+2200`
`U+220c`,593,603,`DOES NOT CONTAIN AS MEMBER`,`Does not contain as member`,`∌`,`∀`,`U+2200`
`U+220e`,10,11,`END OF PROOF`,`Binary 0`,`∎`,``,`U+0030`
`U+220f`,424,425,`N-ARY PRODUCT`,`N-ary product`,`∏`,`Π`,`U+03a0`
`U+2211`,429,430,`N-ARY SUMMATION`,`N-ary summation`,`∑`,`Σ`,`U+03a3`
`U+2213`,469,473,`MINUS-OR-PLUS SIGN`,`Minus-plus`,`∓`,`-`,`U+002d`
`U+2218`,474,477,`RING OPERATOR`,`Ring`,`∘`,`×`,`U+00d7`
`U+2219`,474,476,`BULLET OPERATOR`,`Bullet`,`∙`,`×`,`U+00d7`
`U+221a`,559,559,`SQUARE ROOT`,`Square root`,`√`,`√`,`U+221a`
`U+221b`,26,30,`CUBE ROOT`,`Cube root`,`∛`,`3`,`U+0033`
`U+221c`,345,354,`FOURTH ROOT`,`xth root`,`∜`,`X`,`U+0058`
`U+221d`,559,560,`PROPORTIONAL TO`,`Proportional to`,`∝`,`√`,`U+221a`
`U+221e`,561,561,`INFINITY`,`Infinity`,`∞`,`∞`,`U+221e`
`U+221f`,573,573,`RIGHT ANGLE`,`Right angle`,`∟`,`∟`,`U+221f`
`U+2220`,575,575,`ANGLE`,`Angle`,`∠`,`∠`,`U+2220`
`U+2221`,575,576,`MEASURED ANGLE`,`Measured angle`,`∡`,`∠`,`U+2220`
`U+2222`,575,577,`SPHERICAL ANGLE`,`Spherical angle`,`∢`,`∠`,`U+2220`
`U+2223`,533,534,`DIVIDES`,`Divides`,`∣`,`|`,`U+007c`
`U+2224`,533,535,`DOES NOT DIVIDE`,`Does not divide`,`∤`,`|`,`U+007c`
`U+2225`,533,536,`PARALLEL TO`,`Parallel to`,`∥`,`|`,`U+007c`
`U+2226`,533,537,`NOT PARALLEL TO`,`Not parallel to`,`∦`,`|`,`U+007c`
`U+2227`,527,527,`LOGICAL AND`,`And`,`∧`,`∧`,`U+2227`
`U+2228`,527,528,`LOGICAL OR`,`Or`,`∨`,`∧`,`U+2227`
`U+2229`,593,604,`INTERSECTION`,`Intersection`,`∩`,`∀`,`U+2200`
`U+222a`,593,605,`UNION`,`Union`,`∪`,`∀`,`U+2200`
`U+222b`,564,564,`INTEGRAL`,`Integral`,`∫`,`∫`,`U+222b`
`U+222c`,564,565,`DOUBLE INTEGRAL`,`Doublr integral`,`∬`,`∫`,`U+222b`
`U+222d`,564,566,`TRIPLE INTEGRAL`,`Triple integral`,`∭`,`∫`,`U+222b`
`U+222e`,564,567,`CONTOUR INTEGRAL`,`Contour integral`,`∮`,`∫`,`U+222b`
`U+222f`,564,568,`SURFACE INTEGRAL`,`Surface integral`,`∯`,`∫`,`U+222b`
`U+2230`,564,569,`VOLUME INTEGRAL`,`Volume integral`,`∰`,`∫`,`U+222b`
`U+2236`,492,493,`RATIO`,`Ratio`,`∶`,`:`,`U+003a`
`U+2243`,538,544,`ASYMPTOTICALLY EQUAL TO`,`Asymptotically equal to`,`≃`,`≪`,`U+226a`
`U+2248`,538,545,`ALMOST EQUAL TO`,`Almost equal`,`≈`,`≪`,`U+226a`
`U+2254`,538,542,`COLON EQUALS`,`Colon equals`,`≔`,`≪`,`U+226a`
`U+2258`,538,546,`CORRESPONDS TO`,`Corresponds to`,`≘`,`≪`,`U+226a`
`U+2259`,538,547,`ESTIMATES`,`Estimates`,`≙`,`≪`,`U+226a`
`U+2260`,538,548,`NOT EQUAL TO`,`Not equel to`,`≠`,`≪`,`U+226a`
`U+2261`,538,541,`IDENTICAL TO`,`Identical to`,`≡`,`≪`,`U+226a`
`U+2264`,538,540,`LESS-THAN OR EQUAL TO`,`Less or equal than`,`≤`,`≪`,`U+226a`
`U+2265`,538,549,`GREATER-THAN OR EQUAL TO`,`Greater or equal than`,`≥`,`≪`,`U+226a`
`U+226a`,538,538,`MUCH LESS-THAN`,`Much less than`,`≪`,`≪`,`U+226a`
`U+226b`,538,551,`MUCH GREATER-THAN`,`Much greater than`,`≫`,`≪`,`U+226a`
`U+2282`,582,590,`SUBSET OF`,`Subset of`,`⊂`,`⊂`,`U+2200`
`U+2284`,582,590,`NOT A SUBSET OF`,`Not a subset of`,`⊄`,`⊄`,`U+2200`
`U+2295`,572,572,`CIRCLED PLUS`,`Subscript earth`,`⊕`,`⊕`,`U+2295`
`U+2296`,382,384,`CIRCLED MINUS`,`Subscript alpha`,`⊖`,`Α`,`U+0391`
`U+2297`,390,392,`CIRCLED TIMES`,`Subscript delta`,`⊗`,`Δ`,`U+0394`
`U+2298`,413,416,`CIRCLED SLASH`,`Subscript mu`,`⊘`,`Μ`,`U+039c`
`U+2299`,570,570,`CIRCLED DOT OPERATOR`,`Sun`,`⊙`,`⊙`,`U+2299`
`U+229a`,570,571,`CIRCLED RING OPERATOR`,`Subscript sun`,`⊚`,`⊙`,`U+2299`
`U+22a4`,296,299,`DOWN TACK`,`Transposed`,`⊤`,`T`,`U+0054`
`U+22a5`,573,574,`UP TACK`,`Perpendicular`,`⊥`,`∟`,`U+221f`
`U+22bb`,527,529,`XOR`,`Xor`,`⊻`,`∧`,`U+2227`
`U+22bc`,527,530,`NAND`,`Nand`,`⊼`,`∧`,`U+2227`
`U+22bd`,527,531,`NOR`,`Nor`,`⊽`,`∧`,`U+2227`
`U+2308`,578,578,`LEFT CEILING`,`Left ceiling`,`⌈`,`⌈`,`U+2308`
`U+2309`,578,579,`RIGHT CEILING`,`Right ceiling`,`⌉`,`⌈`,`U+2308`
`U+230a`,580,580,`LEFT FLOOR`,`Left floor`,`⌊`,`⌊`,`U+230a`
`U+230b`,580,581,`RIGHT FLOOR`,`Right floor`,`⌋`,`⌊`,`U+230a`
`U+231a`,582,584,`WATCH`,`Watch`,`⌚`,`⎙`,`U+2399`
`U+231b`,582,583,`HOURGLASS`,`Hourglass`,`⌛`,`⎙`,`U+2399`
`U+2393`,582,590,`DIRECT CURRENT FORM 2`,`d.c. current`,`⎓`,`⎓`,`U+002d`
`U+2399`,582,582,`PRINT SCREEN SYMBOL`,`Printer`,`⎙`,`⎙`,`U+2399`
`U+23a1`,451,452,`LEFT SQUARE BRACKET UPPER CORNER`,`Matrix upper left`,`⎡`,`[`,`U+005b`
`U+23a2`,451,453,`LEFT SQUARE BRACKET EXTENSION`,`Matrix middle left`,`⎢`,`[`,`U+005b`
`U+23a3`,451,454,`LEFT SQUARE BRACKET LOWER CORNER`,`Matrix lower left`,`⎣`,`[`,`U+005b`
`U+23a4`,451,456,`RIGHT SQUARE BRACKET UPPER CORNER`,`Matrix upper right`,`⎤`,`[`,`U+005b`
`U+23a5`,451,457,`RIGHT SQUARE BRACKET EXTENSION`,`Matrix middle right`,`⎥`,`[`,`U+005b`
`U+23a6`,451,458,`RIGHT SQUARE BRACKET LOWER CORNER`,`Matrix lower right`,`⎦`,`[`,`U+005b`
`U+23e6`,582,590,`AC CURRENT`,`a.c. current`,`⏦`,`⏦`,`U+007e`
`U+23F1`,582,585,`STOPWATCH`,`Stopwatch`,`⏱`,`⎙`,`U+2399`
`U+2421`,606,606,`SYMBOL FOR DELETE`,`Oblique 1`,`␡`,`␡`,`U+2421`
`U+2422`,606,607,`BLANK SYMBOL`,`Oblique 2`,`␢`,`␡`,`U+2421`
`U+2423`,1,9,`OPEN BOX`,`Space symbol`,`␣`,` `,`U+0020`
`U+2425`,606,608,`SYMBOL FOR DELETE FORM TWO`,`Oblique 3`,`␥`,`␡`,`U+2421`
`U+2426`,606,609,`SYMBOL FOR SUBSTITUTE FORM TWO`,`Oblique 4`,`␦`,`␡`,`U+2421`
`U+2427`,509,510,`not defined by unicode`,`Cursor`,`␧`,`_`,`U+005f`
`U+2428`,485,486,`not defined by unicode`,`DP decimal separator`,`␨`,`.`,`U+002e`
`U+2429`,483,484,`not defined by unicode`,`DP decimal separator`,`␩`,"`,`",`U+002c`
`U+242a`,582,586,`not defined by unicode`,`Battery`,`␪`,`⎙`,`U+2399`
`U+242b`,516,519,`not defined by unicode`,`Pgm begin`,`␫`,`↑`,`U+2191`
`U+242c`,582,587,`not defined by unicode`,`User mode`,`␬`,`⎙`,`U+2399`
`U+242d`,591,591,`not defined by unicode`,`UK`,`␭`,`␭`,`U+242d`
`U+242e`,591,592,`not defined by unicode`,`US`,`␮`,`␭`,`U+242d`
`U+242f`,582,588,`not defined by unicode`,`Negative exclamation mark`,`␯`,`⎙`,`U+2399`
`U+2430`,461,461,,`Gauss left black`,`␰`,`␰`,`U+2430`
`U+2431`,461,462,,`Gauss right white`,`␱`,`␰`,`U+2430`
`U+2432`,461,463,,`Gauss left white`,`␲`,`␰`,`U+2430`
`U+2433`,461,464,,`Gauss right black`,`␳`,`␰`,`U+2430`
`U+2434`,582,589,,`USB symbol`,`␴`,`⎙`,`U+2399`
`U+2460`,15,21,`CIRCLED DIGIT ONE `,`Base 1`,`①`,`1`,`U+0031`
`U+2461`,22,25,`CIRCLED DIGIT TWO`,`Base 2`,`②`,`2`,`U+0032`
`U+2462`,26,29,`CIRCLED DIGIT THREE`,`Base 3`,`③`,`3`,`U+0033`
`U+2463`,31,34,`CIRCLED DIGIT FOUR`,`Base 4`,`④`,`4`,`U+0034`
`U+2464`,35,38,`CIRCLED DIGIT FIVE`,`Base 5`,`⑤`,`5`,`U+0035`
`U+2465`,39,42,`CIRCLED DIGIT SIX`,`Base 6`,`⑥`,`6`,`U+0036`
`U+2466`,43,46,`CIRCLED DIGIT SEVEN`,`Base 7`,`⑦`,`7`,`U+0037`
`U+2467`,47,50,`CIRCLED DIGIT EIGHT`,`Base 8`,`⑧`,`8`,`U+0038`
`U+2468`,51,54,`CIRCLED DIGIT NINE`,`Base 9`,`⑨`,`9`,`U+0039`
`U+2469`,55,56,`CIRCLED DIGIT TEN`,`Base 10`,`⑩`,`⑽`,`U+247d`
`U+246a`,57,57,`CIRCLED DIGIT ELEVEN`,`Base 11`,`⑪`,`⑪`,`U+246a`
`U+246b`,58,58,`CIRCLED DIGIT TWELVE`,`Base 12`,`⑫`,`⑫`,`U+246b`
`U+246c`,59,59,`CIRCLED DIGIT THIRTEEN`,`Base 13`,`⑬`,`⑬`,`U+246c`
`U+246d`,60,60,`CIRCLED DIGIT FOURTEEN`,`Base 14`,`⑭`,`⑭`,`U+246d`
`U+246e`,61,61,`CIRCLED DIGIT FIFTEEN`,`Base 15`,`⑮`,`⑮`,`U+246e`
`U+246f`,62,62,`CIRCLED DIGIT SIXTEEN`,`Base 16`,`⑯`,`⑯`,`U+246f`
`U+247d`,55,55,`NUMBER TEN FULL STOP `,`exponent mark`,`⑽`,`⑽`,`U+247d`
`U+2482`,63,67,`PARENTHESIZED NUMBER FIFTEEN`,`Superscript a`,`⒂`,`A`,`U+0041`
`U+2483`,89,93,`PARENTHESIZED NUMBER SIXTEEN`,`Superscript b`,`⒃`,`B`,`U+0042`
`U+2484`,95,99,`PARENTHESIZED NUMBER SEVENTEEN`,`Superscript c`,`⒄`,`C`,`U+0043`
`U+2485`,109,113,`PARENTHESIZED NUMBER EIGHTEEN`,`Superscript d`,`⒅`,`D`,`U+0044`
`U+2486`,121,125,`PARENTHESIZED NUMBER NINETEEN`,`Superscript e`,`⒆`,`E`,`U+0045`
`U+2487`,146,150,`PARENTHESIZED NUMBER TWENTY`,`Superscript f`,`⒇`,`F`,`U+0046`
`U+2488`,152,156,`DIGIT ONE FULL STOP`,`Superscript g`,`⒈`,`G`,`U+0047`
`U+2489`,160,165,`DIGIT TWO FULL STOP`,`Superscript h`,`⒉`,`H`,`U+0048`
`U+248a`,169,173,`DIGIT THREE FULL STOP`,`Superscript i`,`⒊`,`I`,`U+0049`
`U+248b`,191,195,`DIGIT FOUR FULL STOP`,`Superscript j`,`⒋`,`J`,`U+004a`
`U+248c`,197,201,`DIGIT FIVE FULL STOP`,`Superscript k`,`⒌`,`K`,`U+004b`
`U+248d`,203,207,`DIGIT SIX FULL STOP`,`Superscript l`,`⒍`,`L`,`U+004c`
`U+248e`,215,219,`DIGIT SEVEN FULL STOP`,`Superscript m`,`⒎`,`M`,`U+004d`
`U+248f`,221,225,`DIGIT EIGHT FULL STOP`,`Superscript n`,`⒏`,`N`,`U+004e`
`U+2490`,234,238,`DIGIT NINE FULL STOP`,`Superscript o`,`⒐`,`O`,`U+004f`
`U+2491`,259,263,`NUMBER TEN FULL STOP`,`Superscript p`,`⒑`,`P`,`U+0050`
`U+2492`,265,269,`NUMBER ELEVEN FULL STOP`,`Superscript q`,`⒒`,`Q`,`U+0051`
`U+2493`,272,276,`NUMBER TWELVE FULL STOP`,`Superscript r`,`⒓`,`R`,`U+0052`
`U+2494`,283,287,`NUMBER THIRTEEN FULL STOP`,`Superscript s`,`⒔`,`S`,`U+0053`
`U+2495`,296,301,`NUMBER FOURTEEN FULL STOP`,`Superscript t`,`⒕`,`T`,`U+0054`
`U+2496`,307,311,`NUMBER FIFTEEN FULL STOP`,`Superscript u`,`⒖`,`U`,`U+0055`
`U+2497`,331,335,`NUMBER SIXTEEN FULL STOP`,`Superscript v`,`⒗`,`V`,`U+0056`
`U+2498`,337,341,`NUMBER SEVENTEEN FULL STOP`,`Superscript w`,`⒘`,`W`,`U+0057`
`U+2499`,345,349,`NUMBER EIGHTEEN FULL STOP`,`Superscript x`,`⒙`,`X`,`U+0058`
`U+249a`,355,359,`NUMBER NINETEEN FULL STOP`,`Superscript y`,`⒚`,`Y`,`U+0059`
`U+249b`,369,373,`NUMBER TWENTY FULL STOP`,`Superscript z`,`⒛`,`Z`,`U+005a`
`U+249c`,63,68,`PARENTHESIZED LATIN SMALL LETTER A`,`Subscript a`,`⒜`,`A`,`U+0041`
`U+249d`,89,94,`PARENTHESIZED LATIN SMALL LETTER B`,`Subscript b`,`⒝`,`B`,`U+0042`
`U+249e`,95,100,`PARENTHESIZED LATIN SMALL LETTER C`,`Subscript c`,`⒞`,`C`,`U+0043`
`U+249f`,109,114,`PARENTHESIZED LATIN SMALL LETTER D`,`Subscript d`,`⒟`,`D`,`U+0044`
`U+24a0`,121,126,`PARENTHESIZED LATIN SMALL LETTER E`,`Subscript e`,`⒠`,`E`,`U+0045`
`U+24a1`,146,151,`PARENTHESIZED LATIN SMALL LETTER F`,`Subscript f`,`⒡`,`F`,`U+0046`
`U+24a2`,152,157,`PARENTHESIZED LATIN SMALL LETTER G`,`Subscript g`,`⒢`,`G`,`U+0047`
`U+24a3`,160,166,`PARENTHESIZED LATIN SMALL LETTER H`,`Subscript h`,`⒣`,`H`,`U+0048`
`U+24a4`,169,174,`PARENTHESIZED LATIN SMALL LETTER I`,`Subscript i`,`⒤`,`I`,`U+0049`
`U+24a5`,191,196,`PARENTHESIZED LATIN SMALL LETTER J`,`Subscript j`,`⒥`,`J`,`U+004a`
`U+24a6`,197,202,`PARENTHESIZED LATIN SMALL LETTER K`,`Subscript k`,`⒦`,`K`,`U+004b`
`U+24a7`,203,208,`PARENTHESIZED LATIN SMALL LETTER L`,`Subscript l`,`⒧`,`L`,`U+004c`
`U+24a8`,215,220,`PARENTHESIZED LATIN SMALL LETTER M`,`Subscript m`,`⒨`,`M`,`U+004d`
`U+24a9`,221,226,`PARENTHESIZED LATIN SMALL LETTER N`,`Subscript n`,`⒩`,`N`,`U+004e`
`U+24aa`,234,239,`PARENTHESIZED LATIN SMALL LETTER O`,`Subscript o`,`⒪`,`O`,`U+004f`
`U+24ab`,259,264,`PARENTHESIZED LATIN SMALL LETTER P`,`Subscript p`,`⒫`,`P`,`U+0050`
`U+24ac`,265,270,`PARENTHESIZED LATIN SMALL LETTER Q`,`Subscript q`,`⒬`,`Q`,`U+0051`
`U+24ad`,272,277,`PARENTHESIZED LATIN SMALL LETTER R`,`Subscript r`,`⒭`,`R`,`U+0052`
`U+24ae`,283,288,`PARENTHESIZED LATIN SMALL LETTER S`,`Subscript s`,`⒮`,`S`,`U+0053`
`U+24af`,296,302,`PARENTHESIZED LATIN SMALL LETTER T`,`Subscript t`,`⒯`,`T`,`U+0054`
`U+24b0`,307,312,`PARENTHESIZED LATIN SMALL LETTER U`,`Subscript u`,`⒰`,`U`,`U+0055`
`U+24b1`,331,336,`PARENTHESIZED LATIN SMALL LETTER V`,`Subscript v`,`⒱`,`V`,`U+0056`
`U+24b2`,337,342,`PARENTHESIZED LATIN SMALL LETTER W`,`Subscript w`,`⒲`,`W`,`U+0057`
`U+24b3`,345,350,`PARENTHESIZED LATIN SMALL LETTER X`,`Subscript x`,`⒳`,`X`,`U+0058`
`U+24b4`,355,360,`PARENTHESIZED LATIN SMALL LETTER Y`,`Subscript y`,`⒴`,`Y`,`U+0059`
`U+24b5`,369,374,`PARENTHESIZED LATIN SMALL LETTER Z`,`Subscript z`,`⒵`,`Z`,`U+005a`
`U+24b6`,63,65,`CIRCLED LATIN CAPITAL LETTER A`,`Superscript A`,`Ⓐ`,`A`,`U+0041`
`U+24b7`,89,91,`CIRCLED LATIN CAPITAL LETTER B`,`Superscript B`,`Ⓑ`,`B`,`U+0042`
`U+24b8`,95,97,`CIRCLED LATIN CAPITAL LETTER C`,`Superscript C`,`Ⓒ`,`C`,`U+0043`
`U+24b9`,109,111,`CIRCLED LATIN CAPITAL LETTER D`,`Superscript D`,`Ⓓ`,`D`,`U+0044`
`U+24ba`,121,123,`CIRCLED LATIN CAPITAL LETTER E`,`Superscript E`,`Ⓔ`,`E`,`U+0045`
`U+24bb`,146,148,`CIRCLED LATIN CAPITAL LETTER F`,`Superscript F`,`Ⓕ`,`F`,`U+0046`
`U+24bc`,152,154,`CIRCLED LATIN CAPITAL LETTER G`,`Superscript G`,`Ⓖ`,`G`,`U+0047`
`U+24bd`,160,163,`CIRCLED LATIN CAPITAL LETTER H`,`Superscript H`,`Ⓗ`,`H`,`U+0048`
`U+24be`,169,171,`CIRCLED LATIN CAPITAL LETTER I`,`Superscript I`,`Ⓘ`,`I`,`U+0049`
`U+24bf`,191,193,`CIRCLED LATIN CAPITAL LETTER J`,`Superscript J`,`Ⓙ`,`J`,`U+004a`
`U+24c0`,197,199,`CIRCLED LATIN CAPITAL LETTER K`,`Superscript K`,`Ⓚ`,`K`,`U+004b`
`U+24c1`,203,205,`CIRCLED LATIN CAPITAL LETTER L`,`Superscript L`,`Ⓛ`,`L`,`U+004c`
`U+24c2`,215,217,`CIRCLED LATIN CAPITAL LETTER M`,`Superscript M`,`Ⓜ`,`M`,`U+004d`
`U+24c3`,221,223,`CIRCLED LATIN CAPITAL LETTER N`,`Superscript N`,`Ⓝ`,`N`,`U+004e`
`U+24c4`,234,236,`CIRCLED LATIN CAPITAL LETTER O`,`Superscript O`,`Ⓞ`,`O`,`U+004f`
`U+24c5`,259,261,`CIRCLED LATIN CAPITAL LETTER P`,`Superscript P`,`Ⓟ`,`P`,`U+0050`
`U+24c6`,265,267,`CIRCLED LATIN CAPITAL LETTER Q`,`Superscript Q`,`Ⓠ`,`Q`,`U+0051`
`U+24c7`,272,274,`CIRCLED LATIN CAPITAL LETTER R`,`Superscript R`,`Ⓡ`,`R`,`U+0052`
`U+24c8`,283,285,`CIRCLED LATIN CAPITAL LETTER S`,`Superscript S`,`Ⓢ`,`S`,`U+0053`
`U+24c9`,296,298,`CIRCLED LATIN CAPITAL LETTER T`,`Superscript T`,`Ⓣ`,`T`,`U+0054`
`U+24ca`,307,309,`CIRCLED LATIN CAPITAL LETTER U`,`Superscript U`,`Ⓤ`,`U`,`U+0055`
`U+24cb`,331,333,`CIRCLED LATIN CAPITAL LETTER V`,`Superscript V`,`Ⓥ`,`V`,`U+0056`
`U+24cc`,337,339,`CIRCLED LATIN CAPITAL LETTER W`,`Superscript W`,`Ⓦ`,`W`,`U+0057`
`U+24cd`,345,347,`CIRCLED LATIN CAPITAL LETTER X`,`Superscript X`,`Ⓧ`,`X`,`U+0058`
`U+24ce`,355,357,`CIRCLED LATIN CAPITAL LETTER Y`,`Superscript Y`,`Ⓨ`,`Y`,`U+0059`
`U+24cf`,369,371,`CIRCLED LATIN CAPITAL LETTER Z`,`Superscript Z`,`Ⓩ`,`Z`,`U+005a`
`U+24d0`,63,66,`CIRCLED LATIN SMALL LETTER A`,`Subscript A`,`ⓐ`,`A`,`U+0041`
`U+24d1`,89,92,`CIRCLED LATIN SMALL LETTER B`,`Subscript B`,`ⓑ`,`B`,`U+0042`
`U+24d2`,95,98,`CIRCLED LATIN SMALL LETTER C`,`Subscript C`,`ⓒ`,`C`,`U+0043`
`U+24d3`,109,112,`CIRCLED LATIN SMALL LETTER D`,`Subscript D`,`ⓓ`,`D`,`U+0044`
`U+24d4`,121,124,`CIRCLED LATIN SMALL LETTER E`,`Subscript E`,`ⓔ`,`E`,`U+0045`
`U+24d5`,146,149,`CIRCLED LATIN SMALL LETTER F`,`Subscript F`,`ⓕ`,`F`,`U+0046`
`U+24d6`,152,155,`CIRCLED LATIN SMALL LETTER G`,`Subscript G`,`ⓖ`,`G`,`U+0047`
`U+24d7`,160,164,`CIRCLED LATIN SMALL LETTER H`,`Subscript H`,`ⓗ`,`H`,`U+0048`
`U+24d8`,169,172,`CIRCLED LATIN SMALL LETTER I`,`Subscript I`,`ⓘ`,`I`,`U+0049`
`U+24d9`,191,194,`CIRCLED LATIN SMALL LETTER J`,`Subscript J`,`ⓙ`,`J`,`U+004a`
`U+24da`,197,200,`CIRCLED LATIN SMALL LETTER K`,`Subscript K`,`ⓚ`,`K`,`U+004b`
`U+24db`,203,206,`CIRCLED LATIN SMALL LETTER L`,`Subscript L`,`ⓛ`,`L`,`U+004c`
`U+24dc`,215,218,`CIRCLED LATIN SMALL LETTER M`,`Subscript M`,`ⓜ`,`M`,`U+004d`
`U+24dd`,221,224,`CIRCLED LATIN SMALL LETTER N`,`Subscript N`,`ⓝ`,`N`,`U+004e`
`U+24de`,234,237,`CIRCLED LATIN SMALL LETTER O`,`Subscript O`,`ⓞ`,`O`,`U+004f`
`U+24df`,259,262,`CIRCLED LATIN SMALL LETTER P`,`Subscript P`,`ⓟ`,`P`,`U+0050`
`U+24e0`,265,268,`CIRCLED LATIN SMALL LETTER Q`,`Subscript Q`,`ⓠ`,`Q`,`U+0051`
`U+24e1`,272,275,`CIRCLED LATIN SMALL LETTER R`,`Subscript R`,`ⓡ`,`R`,`U+0052`
`U+24e2`,283,286,`CIRCLED LATIN SMALL LETTER S`,`Subscript S`,`ⓢ`,`S`,`U+0053`
`U+24e3`,296,300,`CIRCLED LATIN SMALL LETTER T`,`Subscript T`,`ⓣ`,`T`,`U+0054`
`U+24e4`,307,310,`CIRCLED LATIN SMALL LETTER U`,`Subscript U`,`ⓤ`,`U`,`U+0055`
`U+24e5`,331,334,`CIRCLED LATIN SMALL LETTER V`,`Subscript V`,`ⓥ`,`V`,`U+0056`
`U+24e6`,337,340,`CIRCLED LATIN SMALL LETTER W`,`Subscript W`,`ⓦ`,`W`,`U+0057`
`U+24e7`,345,348,`CIRCLED LATIN SMALL LETTER X`,`Subscript X`,`ⓧ`,`X`,`U+0058`
`U+24e8`,355,358,`CIRCLED LATIN SMALL LETTER Y`,`Subscript Y`,`ⓨ`,`Y`,`U+0059`
`U+24e9`,369,372,`CIRCLED LATIN SMALL LETTER Z`,`Subscript Z`,`ⓩ`,`Z`,`U+005a`
`U+2713`,9,610,`CHECK MARK`,`Check mark`,`✓`,`✓`,`U+2713`
`U+03DC`,448,600,`Greek Letter Digamma Unicode Character`,,`Ϝ`,`Ϝ`,`U+03DC`
`U+03DD`,448,600,`Greek Small Letter Digamma Unicode Character`,,`ϝ`,`Ϝ`,`U+03DC`
`U+03D8`,448,600,`Greek Letter Archaic Koppa Unicode Character`,,`Ϙ`,`Ϙ`,`U+03D8`
`U+03D9`,448,600,`Greek Small Letter Archaic Koppa Unicode Character`,,`ϙ`,`Ϙ`,`U+03D8`
`U+03E0`,448,600,`Greek Letter Sampi Unicode Character`,,`Ϡ`,`Ϡ`,`U+03E0`
`U+03E1`,448,600,`Greek Small Letter Sampi Unicode Character`,,`ϡ`,`Ϡ`,`U+03E0`
`U+21D2`,512,512,`Rightwards Double Arrow`,`Convert to XXX`,`⇒`,`⇒`,`U+2192`
`U+21D4`,512,512,`Left Right Double Arrow`,`LR Double Arrow`,`⇔`,`⇔`,`U+2192`
`U+267A`,512,512,`Recycling Symbol For Generic Materials`,`Cyclic`,`♺`,`♺`,`U+267A`
`U+02bc`,367,512,`modifier letter apostrophe`,`Narrow Apostrophe`,`ʼ`,`ʼ`,`U+02bc`
`U+2788`,9,512,`fullwidth comma`,`wide comma`,`，`,`，`,`U+2788`
`U+22c5`,531,512,`dot operator`,`wide dot`,`⋅`,`⋅`,`U+22c5`
`U+2789`,9,512,`fullwidth full stop`,`wide period`,`．`,`．`,`U+2789`
`U+033a`,367,512,`inverted bridge`,`narrow space`,`．`,`．`,`U+033a`
`U+22A2`,571,512,`right tack`,`right tack`,`⊢`,`⊢`,`U+22A2`
`U+267b`,95,512,`Custom C`,`Caps Lock`,`C`,`C`,`U+0043`
`U+267e`,221,512,`Custom N`,`Num Lock`,`N`,`N`,`U+004e`
`U+2147`,121,121,`Double-Struck Italic Small E`,`eEuler`,`ⅇ`,`e`,`U+0045`
`U+2148`,169,169,`Double-Struck Italic Small I`,`op-i`,`ⅈ`,`j`,`U+0049`
`U+2149`,191,191,`Double-Struck Italic Small J`,`op-j`,`ⅉ`,`j`,`U+004a`
`U+1E9D`,146,146,`longshighstroke`,`long f`,`ẝ`,`f`,`U+0046`
`U+1E9F`,152,152,`delta`,`long g`,`ẟ`,`g`,`U+0047`
`U+2024`,485,485,`Double Circled Digit 1`,`Full HP stop`,`․`,`.`,`U+002e`
`U+24EA`,10,10,`Circled Digit ZERO`,`Digit HP 0`,`⓪`,`0`,`U+0030`
`U+24F5`,15,15,`Double Circled Digit ONE`,`Digit HP 1`,`⓵`,`1`,`U+0031`
`U+24F6`,22,22,`Double Circled Digit TWO`,`Digit HP 2`,`⓶`,`2`,`U+0032`
`U+24F7`,26,26,`Double Circled Digit THREE`,`Digit HP 3`,`⓷`,`3`,`U+0033`
`U+24F8`,31,31,`Double Circled Digit FOUR`,`Digit HP 4`,`⓸`,`4`,`U+0034`
`U+24F9`,35,35,`Double Circled Digit FIVE`,`Digit HP 5`,`⓹`,`5`,`U+0035`
`U+24FA`,39,39,`Double Circled Digit SIX`,`Digit HP 6`,`⓺`,`6`,`U+0036`
`U+24FB`,43,43,`Double Circled Digit SEVEN`,`Digit HP 7`,`⓻`,`7`,`U+0037`
`U+24FC`,47,47,`Double Circled Digit EIGHT`,`Digit HP 8`,`⓼`,`8`,`U+0038`
`U+24FD`,51,51,`Double Circled Digit NINE`,`Digit HP 9`,`⓽`,`9`,`U+0039`
`U+24FE`,51,51,`Double Circled Digit TEN`,`HP MINUS`,`-`,`-`,`U+002d`
`U+24FF`,51,51,`Negative Circled Digit Zero`,`HP PLUS`,`+`,`+`,`U+002b`
`U+2dea`,424,426,`Sub Pi`,`Sub pi`,`π`,`π`,`U+03a0`
`U+2deb`,424,426,`Sup Pi`,`Sup pi`,`π`,`π`,`U+03a0`
`U+2dec`,424,426,`pi radians`,`pi r`,`π`,`π`,`U+03a0`
`U+001D`,1,9,`INFORMATION SEPARATOR THREE`,,,,`U+0020`
,,,,,,,